Idtram,Tramite,cluster,log_tiempo,CONTEO_NETO,N_FORMATOS_FINAL,nivel_cat
7679.0,Transporte Público Masivo de Pasajeros Tuzobús.,0,1.791759469228055,1,0,Nivel 1
1743.0,Impuesto sobre Tenencia y Refrendo Vehicular (para vehículo particular y de demostración),7,2.3978952727983707,8,2,Nivel 4.1
9229.0,Canje de Placas,6,3.044522437723423,10,3,Sin_nivel
533.0,Servicio de laboratorio clínico en el Hospital del Niño DIF Hidalgo,0,7.273092595999522,2,0,Nivel 1
10885.0,Cambio de Propietario,6,7.273092595999522,7,2,Sin_nivel
983.0,Certificado de Existencia o Inexistencia de Gravamen (Registro Público de la Propiedad y del Comercio),6,9.0642735958414,1,2,Sin_nivel
1064.0,Asesoría Jurídica.,0,0.0,0,0,Nivel 1
572.0,Expedición de Constancia de NO Antecedentes Penales,3,4.110873864173311,5,1,Nivel 2
490.0,Radiología e Imagenología del Hospital del Niño DIF Hidalgo,0,7.273092595999522,1,0,Nivel 1
1095.0,Patrocinio Jurídico.,0,7.273092595999522,1,0,Nivel 1
10837.0,Admisión COBAEH,0,2.3978952727983707,3,0,Nivel 1
1269.0,Legalización de Documentos,0,3.044522437723423,0,0,Nivel 1
779.0,Reinscripción COBAEH,0,2.3978952727983707,0,0,Nivel 1
748.0,"Inscripción de Alfabetización, Primaria y Secundaria Abierta de Educación para Adultos",0,4.795790545596741,4,1,Nivel 1
904.0,Bolsa de Trabajo y Abriendo Espacios,6,7.273092595999522,0,0,Sin_nivel
630.0,Reinscripción UTTT,0,2.772588722239781,2,0,Nivel 1
8300.0,Becas Institucionales UTVM,0,7.273092595999522,0,0,Nivel 1
1268.0,Apostillas,0,3.044522437723423,0,0,Nivel 1
1414.0,Acreditación de Primaria y Secundaria Abierta de Educación para Adultos,0,9.0642735958414,2,0,Nivel 1
828.0,Certificación de Primaria y Secundaria Abierta de Educación para Adultos,0,9.469700127423375,1,0,Nivel 1
1244.0,(Inscripción y Reinscripción) por módulo CONALEPH.,0,7.273092595999522,4,0,Nivel 1
1206.0,Reinscripción UPT,6,7.273092595999522,1,0,Sin_nivel
631.0,Educación Continua UTTT,3,4.795790545596741,6,1,Nivel 2
10839.0,Conciliación prejudicial laboral,6,7.273092595999522,0,0,Sin_nivel
10973.0,Por Búsqueda de Testamento y Expedición de Constancia,6,7.273092595999522,0,1,Sin_nivel
6931.0,Reinscripción UTT,0,7.273092595999522,1,0,Nivel 4.2
6935.0,Credencial Institucional UTT,0,7.273092595999522,0,0,Nivel 4.2
7561.0,Evaluación Segunda Oportunidad (ITSOEH),6,8.371242135931933,1,0,Sin_nivel
961.0,Asesoria en materia de Seguridad y Salud en el Trabajo,6,7.273092595999522,0,1,Sin_nivel
694.0,Autorregulación Ambiental,6,10.491301994830229,4,2,Sin_nivel
1247.0,Póliza de Accidentes Personales Escolares en CONALEPH,0,7.273092595999522,2,0,Nivel 1
6938.0,Historial académico UTT,0,7.273092595999522,0,0,Nivel 4.2
1020.0,Asesorías laborales sobre tus derechos y obligaciones como trabajador.,6,7.273092595999522,0,0,Sin_nivel
477.0,Escuela de Fútbol Instituto Hidalguense del Deporte,3,2.3978952727983707,4,1,Nivel 2
334.0,Servicio de inscripción a cursos de Formación de Capital Humano,6,7.273092595999522,0,0,Sin_nivel
1318.0,Constancia de Vehículo No Robado,1,8.371242135931933,7,1,Nivel 3.1
1288.0,Permiso provisional para conducir,0,2.772588722239781,4,1,Nivel 1
358.0,Reinscripción UTSH,6,7.273092595999522,1,0,Sin_nivel
661.0,"Descuento a adultos mayores, personas con capacidades diferentes, pensionados y jubilados.",6,7.273092595999522,0,1,Sin_nivel
1245.0,Examen de admisión de CONALEPH,0,7.273092595999522,5,0,Nivel 1
1260.0,"Publicaciones en el Periódico Oficial, que se realizan por una Plana y Media Plana.",0,3.4339872044851463,0,0,Nivel 1
1233.0,Inscripción UTHH,0,3.044522437723423,2,2,Nivel 1
1504.0,Expedición Tarjeta Preferente Tuzobús para la Persona Adulta Mayor,0,3.044522437723423,3,1,Nivel 1
1184.0,Admisión UPT,5,2.772588722239781,2,0,Nivel 3.7
1505.0,Reposición de la Tarjeta Preferente Tuzobús,0,3.044522437723423,2,1,Nivel 1
10974.0,Por la Expedición de Copias Certificadas de Escrituras Resguardadas en el Archivo General de Notarías,6,7.273092595999522,0,1,Sin_nivel
670.0,Cursos musicales EMEH,6,7.273092595999522,1,0,Sin_nivel
1205.0,Inscripción UPT,7,2.3978952727983707,3,2,Nivel 4.1
8289.0,Titulación UTVM,0,12.465359101477507,6,1,Nivel 1
1633.0,Reinscripción UTMIR,4,1.791759469228055,0,0,Nivel 3.5
7282.0,Solicitud de Examen de Admisión UTVAM,0,7.9658927350845286,3,1,Nivel 1
347.0,Solicitud de examen de admisión UTSH,6,7.273092595999522,4,1,Sin_nivel
429.0,Prestación de servicios de la Alberca semiolímpica del Instituto Hidalguense del Deporte,3,4.110873864173311,3,3,Nivel 2
7207.0,Reposición de Credencial UPFIM,0,6.175867270105761,1,0,Nivel 1
6993.0,Constancia Escolar UTHH,6,7.283448228756631,1,0,Sin_nivel
1259.0,Publicación en el Periódico Oficial de Avisos Judiciales que deberán publicarse por disposición de Ley.,0,3.044522437723423,0,0,Nivel 1
1765.0,"Certificación en estándares de competencia del CONOCER, a través del ICATHI",0,3.4339872044851463,2,0,Nivel 1
350.0,Inscripción UTSH,6,7.273092595999522,6,0,Sin_nivel
840.0,Inscripción a los cursos de capacitación presenciales del ICATHI,1,4.110873864173311,1,1,Nivel 3.1
6737.0,Titulación UPFIM,2,13.158504353030688,8,0,Nivel 3.9
7961.0,Emisión de constancias de estudio UTVM,0,2.3978952727983707,1,0,Nivel 1
10525.0,Certificado de Estudios UPFIM,0,9.980494888896912,1,0,Nivel 1
9072.0,Admisión- UICEH,6,7.273092595999522,3,0,Sin_nivel
8190.0,Historial Académico UPMH,5,5.198497031265826,1,0,Nivel 3.7
8138.0,Titulación UTVAM,1,7.9658927350845286,7,2,Nivel 3.1
7271.0,Inscripción UTVAM,0,7.9658927350845286,5,0,Nivel 4.3
1643.0,Credencialización UTMIR,4,2.772588722239781,0,0,Nivel 3.5
1575.0,Capacitación en elaboración de quesos y derivados lácteos.,3,9.575052927597383,1,1,Nivel 2
540.0,Constancia de Uso de Suelo,0,3.258096538021482,3,1,Nivel 1
9518.0,Inscripción a cursos de Educación Continua UTHH,3,8.371242135931933,1,1,Nivel 2
351.0,Servicio de Diseño de Imagen Corporativa o Logotipo,6,7.273092595999522,1,0,Sin_nivel
8326.0,Titulación UTMZ,0,12.283038316285214,6,0,Nivel 1
8327.0,Certificado Parcial de Estudios UTMZ,2,8.881975184248867,1,0,Nivel 3.9
7527.0,Cursos de Verano (asignaturas) ITESHU.,0,9.980494888896912,1,0,Nivel 1
1588.0,Constancia de estudios o Constancia de estudios con calificaciones UPE,0,8.371242135931933,1,0,Nivel 1
1432.0,Expedición de finiquito o Constancia de no adeudo,0,3.044522437723423,3,1,Nivel 1
1632.0,Inscripción UTMIR,1,2.772588722239781,5,0,Nivel 3.1
637.0,Derecho de Preferencia,0,3.258096538021482,4,1,Nivel 1
636.0,Derecho de Preferencia,6,3.258096538021482,4,1,Sin_nivel
9364.0,Servicio: Asesoría especializada en Acompañamiento y Desarrollo Empresarial,6,7.273092595999522,0,0,Sin_nivel
8259.0,Constancia Escolar UPH,3,3.4339872044851463,1,0,Nivel 2
9038.0,Elaboración de Escrituras - Comisión Estatal de Vivienda,0,3.713572066704308,4,1,Nivel 1
1554.0,Revalidación de Estudios de Educación Básica,3,7.9658927350845286,3,1,Nivel 2
1462.0,Escuelas de Iniciación Técnico Deportivas del Instituto Hidalguense del Deporte,3,2.3978952727983707,3,1,Nivel 2
8137.0,Credencial Escolar UTMZ,0,7.273092595999522,1,0,Nivel 1
1781.0,Captación de Leche en Centros de Acopio.,3,7.273092595999522,0,1,Nivel 2
1264.0,"Publicación en el Periódico Oficial, que realizan los Municipios de instrumentos legales.",0,7.273092595999522,0,0,Nivel 1
11334.0,"Publicación en el Periódico Oficial, que realizan los Municipios de instrumentos legales.",6,7.273092595999522,0,0,Sin_nivel
981.0,Constancias de estudios con calificaciones de Primaria General,3,3.828641396489095,1,1,Nivel 2
1580.0,Solicitud de Fichas de Ingreso UPE,0,7.9658927350845286,3,1,Nivel 1
7072.0,Capacitación,6,12.059895922372384,1,1,Sin_nivel
549.0,Solicitud de factibilidad para la contratación del servicio de agua potable.,6,7.273092595999522,3,1,Sin_nivel
8709.0,Cédula de Validación Estatal Impulso NAFIN-Hidalgo,1,2.772588722239781,1,1,Nivel 3.1
10975.0,Por expedición de primeros y segundos testimonios,6,7.273092595999522,0,1,Sin_nivel
1583.0,Inscripción UPE,0,3.4339872044851463,3,1,Nivel 1
10095.0,Financiamiento para Estudios de Nivel Superior,0,7.9658927350845286,5,1,Nivel 1
585.0,Talleres artísticos especializados del Centro de las Artes de Hidalgo.,0,9.575052927597383,0,0,Nivel 1
5525.0,Expedición de Certificados Bachillerato del Estado de Hidalgo,0,3.4339872044851463,2,0,Nivel 1
7973.0,Equivalencia de Estudios de tipo Superior,7,8.881975184248867,5,1,Nivel 4.1
7587.0,Acreditación de la Lengua Extranjera ITESHU.,0,10.450481157684562,1,0,Nivel 1
8751.0,"Validación de trabajos con maquinaria pesada, para su ejecución mediante cuotas de recuperación.",0,9.218407743053941,0,1,Nivel 1
669.0,Cambio de nombre del titular de contrato de agua potable.,6,7.273092595999522,1,1,Sin_nivel
5526.0,Expedición de Historial Académico Bachillerato del Estado de Hidalgo,0,3.4339872044851463,1,0,Nivel 1
8373.0,Constitución de Sociedades Cooperativas y Sociedades de Responsabilidad Limitada Microindustrial o Artesanal.,6,2.772588722239781,3,1,Sin_nivel
1128.0,Autorizaciones provisionales para profesionistas,3,4.110873864173311,9,2,Nivel 2
9950.0,"Titulación Nivel Licenciatura, Grado Académico Maestría y Especialidad UNIDEH.",6,3.4339872044851463,4,0,Sin_nivel
1541.0,Refrendo anual de registro de perito valuador,6,12.059895922372384,2,2,Sin_nivel
4808.0,Becas Institucionales UPMH,0,11.383283641013712,2,0,Nivel 1
1690.0,Vinculación al Servicio Social y Prácticas Profesionales,6,8.881975184248867,1,1,Sin_nivel
6614.0,Ficha para Examen de Admisión UPP,5,4.394449154672439,2,0,Nivel 3.7
7969.0,Expedición de Credencial Escolar Bachillerato del Estado de Hidalgo,0,3.4339872044851463,1,0,Nivel 1
10078.0,Inscripción registro de perito Topográfo (Catastral),0,12.059895922372384,1,2,Nivel 1
682.0,Consulta Documental en temas de Población,0,7.273092595999522,1,0,Nivel 1
1448.0,Atención jurídica en materia familiar.,6,3.9318256327243257,0,0,Sin_nivel
8260.0,Historial Académico UPH,3,3.4339872044851463,1,0,Nivel 2
626.0,Información de Predios con Potencial para el Desarrollo de Parques Industriales.,6,7.273092595999522,0,0,Sin_nivel
10600.0,Constancia de Estudios (CEH),0,8.881975184248867,0,1,Nivel 1
10617.0,"Capacitaciones, platicas o talleres sobre el cuidado y la conservación de la biodiversidad",0,7.273092595999522,0,1,Nivel 1
8954.0,Estudio de prefactibilidad en polígonos para proyectos energéticos.,0,10.491301994830229,3,1,Nivel 1
7534.0,Servicios de Equinoterapia UPP,0,4.110873864173311,3,0,Nivel 1
1450.0,"Atención psicológica a mujeres en situación de violencia de género y, en su caso, a sus hijas e hijos menores de edad.",6,3.9318256327243257,0,0,Sin_nivel
7386.0,Sanitarios con Biodigestor Para Población Indígena,6,7.273092595999522,3,1,Sin_nivel
1383.0,Revalidación de Estudios de tipo Superior,7,9.351926736038054,5,1,Nivel 4.1
9885.0,Arrendamiento de salas y espacios en el Parque Científico y Tecnológico de Hidalgo (PCYTH),0,7.273092595999522,0,0,Nivel 1
1447.0,Atención jurídica en materia penal.,6,3.9318256327243257,0,0,Sin_nivel
7643.0,Titulación Nivel Posgrado (CEH),0,12.75304020942637,0,1,Nivel 1
10619.0,Monitoreo y opiniones técnica en materia de Biodiversidad,0,7.273092595999522,0,1,Nivel 1
615.0,Asesoría para la Inversión de Desarrollos Industriales Específicamente en Parques Industriales y Logísticos.,6,7.273092595999522,0,0,Sin_nivel
7583.0,Dictamen de Convalidación ITESHU.,0,9.67035679468885,4,1,Nivel 1
11098.0,Certificado Parcial de Estudios (CEH),0,8.881975184248867,0,1,Nivel 1
10616.0,Jardines Polinizadores ó farmacias vivientes,3,7.273092595999522,0,1,Nivel 2
426.0,Asesoría y Capacitación en Materia de Contraloría Social,6,7.273092595999522,0,0,Sin_nivel
462.0,Centros de Atención Infantil (CAI),6,7.273092595999522,6,0,Sin_nivel
499.0,Registro de Organizaciones de la Sociedad Civil de Asistencia Social,6,7.273092595999522,4,4,Sin_nivel
554.0,Servicio Social DIF,6,7.273092595999522,2,0,Sin_nivel
925.0,Prevención Social de la Violencia y la Delincuencia.,0,9.0642735958414,1,1,Nivel 1
1177.0,Renovación anual del registro estatal de consultores en materia de protección civil,0,10.673618922112436,0,0,Nivel 1
1261.0,"Por la Suscripción al Periódico Oficial, por ejercicio fiscal vigente.",0,6.175867270105761,0,0,Nivel 1
1301.0,Expedición de Registro de Personal Docente de instituciones particulares de educación superior,7,9.575052927597383,4,1,Nivel 4.1
1477.0,Casa de la Mujer Hidalguense,6,5.198497031265826,4,0,Sin_nivel
1481.0,"Reporte de violencia o maltrato en contra de Niñas, Niños y Adolescentes",6,7.273092595999522,0,0,Sin_nivel
1776.0,Autorización Para el Uso y Aprovechamiento del Derecho de Vía Estatal,0,3.58351893845611,7,1,Nivel 1
1777.0,Expedición de Oficio de Afectación o no Afectación del Derecho de Vía,0,3.258096538021482,2,1,Nivel 1
1778.0,Expedición de Oficio de Afectación de Vialidades y Señalamiento por Accidentes,0,3.044522437723423,2,1,Nivel 1
4856.0,Expedición Tarjeta Preferente Tuzobús para Personas con Discapacidad,0,3.044522437723423,2,1,Nivel 1
5572.0,"Por la certificación, expedición y entrega de un ejemplar del Periódico Oficial del Estado.",5,6.175867270105761,0,0,Nivel 3.7
6583.0,Devolución Vehículos Recuperados,1,8.371242135931933,5,0,Nivel 3.1
6717.0,Convocatoria del Instituto de Formación Profesional,0,11.079076314320059,15,3,Nivel 1
392.0,Inscripción al Padrón de Contratistas (Persona Moral),0,9.980494888896912,0,0,Nivel 1
406.0,Inscripción al Padrón de Contratistas (Persona Física),6,7.273092595999522,0,0,Sin_nivel
409.0,Revalidación del Registro de Contratistas (Persona Moral),6,7.273092595999522,0,0,Sin_nivel
412.0,Revalidación del Registro de Contratistas (Persona Física),0,9.980494888896912,0,0,Nivel 1
430.0,Prestación de servicios del Complejo Deportivo Revolución Mexicana del Instituto Hidalguense del Deporte,3,2.3978952727983707,3,3,Nivel 2
435.0,Caja general del Sistema DIF Hidalgo,6,2.3978952727983707,0,0,Sin_nivel
440.0,Capacitar con temas gerontológicos a los enlaces y/o personas que estén al frente de grupos de personas adultas mayores de los diferentes DIF Municipales.,6,8.881975184248867,1,0,Sin_nivel
470.0,Centros de Desarrollo Comunitario Urbanos (CDC),6,7.273092595999522,0,0,Sin_nivel
475.0,"Acompañamiento, asistencia y seguimiento de proyectos de inversión",1,4.110873864173311,0,1,Nivel 3.1
476.0,Comercialización de prendas no desempeñadas,6,7.273092595999522,0,0,Sin_nivel
482.0,Credencialización para Personas con Discapacidad Permanente,6,7.273092595999522,3,0,Sin_nivel
484.0,"Apoyo con Estudios de gabinete, laboratorio y medicamentos",0,7.273092595999522,1,0,Nivel 1
489.0,Apoyo de Gastos Funerarios,6,7.273092595999522,3,0,Sin_nivel
491.0,Jornadas Médicas de Subespecialidad,0,7.273092595999522,2,1,Nivel 1
494.0,Ayudas Técnicas,0,7.273092595999522,0,0,Nivel 1
500.0,Servicio de Atención Psicológica,0,7.273092595999522,0,0,Nivel 1
502.0,Servicio de Estacionamiento Plaza Independencia Reloj Monumental,6,7.273092595999522,0,0,Sin_nivel
553.0,Licencia de Uso de Suelo,0,3.4339872044851463,8,2,Nivel 1
560.0,Taller Laboratorio de Órtesis y Prótesis,0,7.273092595999522,2,0,Nivel 1
564.0,Consulta Médica en el Servicio de Urgencias en el Hospital del Niño DIF Hidalgo,0,7.273092595999522,1,0,Nivel 1
587.0,Por actualización o reexpedición de órdenes de escrituración,6,3.4339872044851463,4,1,Sin_nivel
590.0,Autorización de Fusión,0,3.044522437723423,7,1,Nivel 1
592.0,Autorización de Subdivisión,0,3.258096538021482,6,2,Nivel 1
602.0,Autorización de Fraccionamiento,0,3.4339872044851463,14,1,Nivel 1
606.0,Por trámite de avalúo y traslado de Dominio de la Comisión Estatal de Vivienda,6,3.4339872044851463,5,1,Sin_nivel
609.0,Entrega de paquetes de Conejos.,3,7.9658927350845286,1,1,Nivel 2
616.0,Albergue del Hospital del Niño DIF Hidalgo,0,7.273092595999522,0,0,Nivel 1
617.0,Autorización de Relotificación de Fraccionamiento,0,3.044522437723423,8,1,Nivel 1
618.0,Alerta AMBER en Hidalgo,4,2.3978952727983707,4,0,Nivel 3.5
620.0,Autorización de Protocolización,0,3.044522437723423,4,1,Nivel 1
621.0,Autorización de Venta de Lotes,0,3.258096538021482,10,1,Nivel 1
622.0,Autorización de Régimen de Propiedad en Condominio,0,3.4339872044851463,11,1,Nivel 1
629.0,Inscripción UTTT,0,2.772588722239781,3,0,Nivel 1
632.0,Búsqueda de documentos en archivo y expedición de copias,6,2.772588722239781,1,1,Sin_nivel
633.0,Expedición de constancias de Propiedad y/o Posesión,6,3.4339872044851463,4,1,Sin_nivel
639.0,Dictamen de Estudio de impacto Urbano y Vial,0,3.4339872044851463,4,1,Nivel 1
640.0,Reposición de Acta Entrega,0,3.4339872044851463,3,1,Nivel 1
642.0,Copias Certificadas y Simples,0,3.044522437723423,1,1,Nivel 1
646.0,Copia de Plano,6,3.4339872044851463,1,1,Sin_nivel
648.0,Elaboración de Croquis de Localización por Lote,6,3.4339872044851463,1,1,Sin_nivel
659.0,Marcado de lotes,6,3.4339872044851463,1,1,Sin_nivel
662.0,Entrega física del lote por segunda vez,6,3.4339872044851463,1,1,Sin_nivel
668.0,Levantamiento Topográfico,6,3.4339872044851463,1,1,Sin_nivel
674.0,Capacitación Acuícola y Pesquera,3,10.673618922112436,0,1,Nivel 2
706.0,Admisión UTVM,0,7.273092595999522,1,0,Nivel 1
738.0,Solicitud de baja temporal ó toma muerta del servicio de agua potable.,6,7.273092595999522,0,1,Sin_nivel
740.0,Director Responsable y Corresponsable Modalidad Registro de DRyC,0,3.4339872044851463,5,2,Nivel 1
751.0,Instalación física de toma de agua potable.,6,7.273092595999522,1,0,Sin_nivel
764.0,"Asesoría de la Incubadora de Empresas del ICATHI, para iniciar o fortalecer un negocio",0,4.110873864173311,1,0,Nivel 1
771.0,Inscripción COBAEH,0,2.3978952727983707,6,0,Nivel 1
778.0,Constancia de Persona Concesionaria y/o Permisionaria,6,7.273092595999522,2,1,Sin_nivel
795.0,Inscripción UTVM,0,7.273092595999522,2,0,Nivel 1
796.0,Reinscripción UTVM,0,7.273092595999522,1,0,Nivel 1
827.0,Otorgamiento o Renovación de Permisos del Servicio Privado y Complementario de Transporte de Personas y Bienes,6,7.273092595999522,10,1,Sin_nivel
862.0,Mediación y Conciliación en Materia Penal,1,2.772588722239781,2,0,Nivel 3.1
913.0,Inscripción UTT,0,7.9658927350845286,1,0,Nivel 4.2
917.0,Admisión UTT,0,7.9658927350845286,3,0,Nivel 4.2
944.0,Inscripción UPP,3,3.4339872044851463,4,1,Nivel 2
947.0,Reinscripción UPP,0,2.772588722239781,2,0,Nivel 1
954.0,Certificado de Normas Técnicas de Competencia Laboral en CONALEPH,1,7.273092595999522,2,0,Nivel 3.1
960.0,Autorización para el trabajo de mayores de 15 años y menores de 16,6,7.273092595999522,4,2,Sin_nivel
979.0,Inscripción a cursos de inglés,0,3.713572066704308,2,1,Nivel 1
988.0,Certificado de no Propiedad (Registro Público de la Propiedad y del Comercio),6,9.0642735958414,1,2,Sin_nivel
989.0,Certificado de Única Propiedad (Registro Público de la Propiedad y del Comercio),4,9.0642735958414,1,2,Nivel 3.5
991.0,Informes sobre Inscripción de Testamentos (Registro Público de la Propiedad y del Comercio),4,9.980494888896912,1,2,Nivel 3.5
993.0,Inscripción de Accesión de Terrenos Rústicos (Registro Público de la Propiedad y del Comercio),4,7.273092595999522,7,1,Nivel 3.5
997.0,"Inscripción de Actos Mercantiles, Rectificación (Registro Público de la Propiedad y del Comercio)",4,9.980494888896912,3,1,Nivel 3.5
1003.0,Inscripción de Contratos que transmiten la Propiedad de Muebles con Limitaciones. (Registro Público de la Propiedad y del Comercio),4,9.980494888896912,2,1,Nivel 3.5
1014.0,Inscripción de Escrituras Constitutivas de Personas Morales o Modificaciones de Capital (Registro Público de la Propiedad y del Comercio),4,9.980494888896912,1,1,Nivel 3.5
1023.0,Impartición de Justicia en Conflictos Laborales del Sector Privado,0,12.465359101477507,0,0,Nivel 1
1024.0,Impartición de justicia de conflictos laborales del sector público,0,13.158504353030688,1,0,Nivel 1
1025.0,Celebración de Convenios Fuera de Juicio de los trabajadores al Servicio de los Gobiernos Estatal y Municipal.,6,7.273092595999522,1,0,Sin_nivel
1028.0,"Registro de Sindicatos, Expedición de la Toma de Nota y Registro de Condiciones Generales de Trabajo de los Sindicatos al Servicio de los Gobiernos Estatal y Municipal del Estado de Hidalgo.",0,13.158504353030688,1,0,Nivel 1
1030.0,Tramitación de la Declaración de Beneficiarios de trabajadores al Servicio de los Gobiernos Estatal y Municipal.,0,12.465359101477507,0,1,Nivel 1
1037.0,Acuerdo que autoriza o niega el reconocimiento de validez oficial de estudios de tipo superior. (RVOE),3,11.366754528799241,5,1,Nivel 2
1040.0,Registro y cotejo de documentos de alumnos inscritos en nivel licenciatura y posgrado,0,7.273092595999522,3,1,Nivel 1
1043.0,Expedición de certificado de defunción,0,4.110873864173311,0,1,Nivel 1
1058.0,Inscripción de Poderes Civiles y Sustituciones (Registro Público de la Propiedad y del Comercio),4,7.273092595999522,2,1,Nivel 3.5
1060.0,Regularización de la propiedad,6,3.044522437723423,0,1,Sin_nivel
1071.0,Inscripción por Constitución del Patrimonio Familiar. (Registro Público de la Propiedad y del Comercio),6,7.273092595999522,2,1,Sin_nivel
1074.0,Ratificación de firmas. (Registro Público de la Propiedad y del Comercio),6,7.273092595999522,2,1,Sin_nivel
1081.0,Reinscripción ITESHU.,0,2.995732273553991,2,0,Nivel 1
1090.0,Inscripción de alumnos a educación primaria. (de 2° a 6° grado),0,7.273092595999522,3,0,Nivel 1
1096.0,Sustitución del Cargo de Albacea. (Registro Público de la Propiedad y del Comercio),6,7.273092595999522,2,1,Sin_nivel
1121.0,Equivalencia de Estudios de Educación Media Superior,7,8.881975184248867,5,1,Nivel 4.1
1125.0,Revalidación de Estudios de Educación Media Superior,7,8.881975184248867,5,1,Nivel 4.1
1133.0,CURP (Clave Única de Registro de Población),0,1.0986122886681096,1,0,Nivel 1
1134.0,Registro de una institución de educación media superior y superior,3,7.9658927350845286,7,1,Nivel 2
1135.0,Registro Profesional Estatal,3,4.110873864173311,7,5,Nivel 2
1139.0,Carta de No Inconveniente para Incorporación a una Institución Educativa,6,10.673618922112436,6,1,Sin_nivel
1140.0,Informe de antecedentes profesionales,3,7.9658927350845286,1,1,Nivel 2
1142.0,Registro como unidad receptora de servicio social,7,7.273092595999522,2,1,Nivel 4.1
1143.0,Registro de Colegio de Profesionistas y Federación,3,8.881975184248867,3,1,Nivel 2
1145.0,Ampliaciones de autorizaciones para profesionistas,3,4.110873864173311,3,2,Nivel 2
1147.0,Servicio Médico Hospitalario,0,7.9658927350845286,3,0,Nivel 1
1159.0,Por la actualización de opiniones técnicas de factibilidad,0,10.673618922112436,0,0,Nivel 1
1169.0,Por la impartición de cursos de capacitación a personas físicas o morales del sector privado,0,10.673618922112436,0,0,Nivel 1
1180.0,Atención Integral a personas adultas mayores de 60 años en el Centro Estatal de Atención Geriátrica Integral (CESAGI),0,4.795790545596741,0,0,Nivel 1
1181.0,Atención Integral a Mayores de 20 años con Enfermedades Crónico-Degenerativas (UNEME EC),0,7.9658927350845286,2,1,Nivel 1
1203.0,Permiso de Libros de Control de Estupefacientes y Psicotrópicos,0,8.881975184248867,4,0,Nivel 1
1207.0,Certificado de Calidad del Agua de Sistemas Públicos y Privados,0,11.366754528799241,2,0,Nivel 1
1209.0,Titulación UPT,7,3.258096538021482,6,0,Nivel 4.1
1213.0,Solicitud de Licencia Sanitaria para servicios urbanos de fumigación y control de plagas.,0,11.366754528799241,2,0,Nivel 1
1235.0,Reinscripción UTHH,6,3.044522437723423,3,2,Sin_nivel
1251.0,Asesorías Complementarias Intersemestrales CONALEPH,0,7.273092595999522,1,1,Nivel 1
1252.0,Asesorías Complementarias Semestrales CONALEPH,0,7.273092595999522,1,1,Nivel 1
1253.0,Cursos de capacitación,1,7.273092595999522,0,0,Nivel 3.1
1255.0,Reposición de Credencial de CONALEPH,0,7.273092595999522,1,1,Nivel 1
1256.0,Reposición de Certificado de terminación de estudios CONALEPH,0,7.273092595999522,3,1,Nivel 1
1270.0,"Opinión favorable para actividades relacionadas con armas, municiones, pólvoras y explosivos, artificios y substancias químicas relacionadas con explosivos.",0,12.870822923581574,5,1,Nivel 1
1295.0,Acuerdo de Actualización del Plan y Programa de Estudios,0,10.268165387743457,4,1,Nivel 1
1300.0,Expedición de la Carta de Opinión de Pertinencia de Planes y Programas de Estudios de tipo Superior solicitada ante la COEPEES,0,12.059895922372384,3,1,Nivel 1
1342.0,Programa de Atención Médica Contra Accidentes Para Escolares en el Hospital del Niño DIF Hidalgo,0,7.273092595999522,3,0,Nivel 1
1345.0,Becas ITESHU.,0,10.450481157684562,1,2,Nivel 1
1347.0,Por la elaboración de constancia de seguridad por unidad de transporte de materiales peligrosos,0,10.673618922112436,0,0,Nivel 1
1351.0,Inscripción a cursos de capacitación en línea del ICATHI,0,3.4339872044851463,1,1,Nivel 1
1387.0,"Autenticación de título, diploma o grado académico",0,8.881975184248867,12,1,Nivel 1
1388.0,"Diseño, tendido y corte de tela para el ensamble de prendas de vestir en el ICATHI",0,4.110873864173311,1,0,Nivel 1
1410.0,Atención médica.,6,4.110873864173311,0,0,Sin_nivel
1417.0,Admisión UTHH,6,7.2868764117507,3,1,Sin_nivel
1418.0,Cancelación de Hipoteca y Reserva de Dominio,6,3.4339872044851463,4,1,Sin_nivel
1419.0,"Representación Legal a Trabajadores, Sindicatos y Beneficiarios",0,12.465359101477507,1,0,Nivel 1
1428.0,Denuncia y/o queja a posibles violaciones o incumplimientos a las norma de trabajo,0,9.980494888896912,0,0,Nivel 1
1430.0,Emisión de estado de cuenta,0,3.4339872044851463,2,1,Nivel 1
1435.0,Reestructuración de crédito,6,3.828641396489095,1,1,Sin_nivel
1439.0,Constancia de Viabilidad,0,3.4339872044851463,7,2,Nivel 1
1452.0,Atención de trabajo social,6,3.9318256327243257,0,0,Sin_nivel
1455.0,Prestación de servicios de Marketing Deportivo del Instituto Hidalguense del Deporte,0,2.772588722239781,0,1,Nivel 1
1478.0,Albergue Revolución,6,7.273092595999522,0,0,Sin_nivel
1489.0,Autorización de cambio de titular del Centro de Verificación Vehicular,6,7.273092595999522,0,2,Sin_nivel
1496.0,Permiso de Publicidad Modalidad A Productos y Servicios,0,9.980494888896912,4,1,Nivel 1
1500.0,Solicitud de Visita de Verificación de materia prima y medicamentos que sean o contengan estupefacientes o psicotrópicos Modalidad A. Balance,0,10.673618922112436,1,0,Nivel 1
1502.0,"Reportes, Quejas y Sugerencias del Servicio Tuzobús",3,9.980494888896912,2,1,Nivel 2
1506.0,Expedición de Tarjetón para Personas Conductoras del Tuzobús,0,7.273092595999522,13,2,Nivel 1
1507.0,Renovación del Tarjetón para Personas Conductoras del Tuzobús,0,7.273092595999522,9,1,Nivel 1
1509.0,Centro de Expresión Juvenil,6,9.351926736038054,0,0,Sin_nivel
1521.0,Inscripción 1er Semestre Bachillerato del Estado de Hidalgo,0,3.4339872044851463,5,0,Nivel 1
1528.0,Readmision UPH,3,3.4339872044851463,1,1,Nivel 2
1530.0,Examen de Recuperación UPH,6,3.4339872044851463,1,0,Sin_nivel
1532.0,Bitácora de Operación de Equipos y Procesos Generadores de Emisiones a la Atmósfera,6,10.673618922112436,2,0,Sin_nivel
1536.0,Autorización en materia de impacto ambiental del transporte de residuos de manejo especial generados en procesos industriales y de servicios.,3,11.366754528799241,7,1,Nivel 2
1540.0,Inscripción de registro de perito valuador (Catastral),0,12.059895922372384,2,2,Nivel 1
1546.0,Puntos Topográficos con referencia de localización.,6,8.371242135931933,2,1,Sin_nivel
1550.0,Restitución fotogramétrica escala 1:1000.,6,8.371242135931933,0,1,Sin_nivel
1555.0,"Constancias de calificaciones, reportes de evaluación y certificación de educación básica",7,8.658866349732383,3,1,Nivel 4.1
1557.0,Autorización para impartir educación inicial y/o básica en el estado,3,9.837401167408268,2,3,Nivel 2
1558.0,Registro de Institución en el Catálogo de Centros de Trabajo de SEPH,3,3.044522437723423,2,1,Nivel 2
1559.0,Becas de Educación Básica para escuelas públicas y particulares,7,9.980494888896912,2,1,Nivel 4.1
1560.0,Preinscripciones de Educación Básica,7,10.768926997586153,1,0,Nivel 4.1
1572.0,Constitución de Grupos de Productores/as de Leche.,3,9.575052927597383,5,1,Nivel 2
1573.0,Capacitación en Nutrición y Manejo de Ganado Lechero.,3,7.273092595999522,1,1,Nivel 2
1574.0,Capacitación en Inseminación Artificial en Bovinos leche.,3,7.273092595999522,1,1,Nivel 2
1584.0,Reinscripción UPE,0,3.4339872044851463,1,1,Nivel 1
1589.0,Historial académico UPE,0,8.371242135931933,1,0,Nivel 1
1595.0,Autorización de Bitácora de Control para Residuos de Manejo Especial,6,11.366754528799241,2,1,Sin_nivel
1599.0,Actualización al Padrón de Contratistas (Persona Física),6,7.273092595999522,0,0,Sin_nivel
1613.0,Elaboración de Contrato,6,3.4339872044851463,3,1,Sin_nivel
1614.0,Constancia de No Afectación,0,3.4339872044851463,6,0,Nivel 1
1621.0,Constancia No Comprendida,0,3.044522437723423,1,1,Nivel 1
1622.0,Constancia de No Invasión a Fraccionamiento,0,3.044522437723423,1,1,Nivel 1
1623.0,Constancia de Verificación de la Poligonal de Fraccionamiento,0,3.044522437723423,1,1,Nivel 1
1635.0,Examen de admisión UTMIR,3,3.258096538021482,0,0,Nivel 2
1654.0,Inscripción Nivel Licenciatura Bilingüe UPMH,5,10.363472411086743,5,2,Nivel 3.7
1656.0,Nube de puntos derivado de vuelo con Dron,6,8.371242135931933,3,1,Sin_nivel
1684.0,Otorgamiento o Renovación de Concesiones para el Servicio de Transporte Público,6,7.273092595999522,10,1,Sin_nivel
1694.0,Pago de arrendamiento,6,9.575052927597383,0,1,Sin_nivel
1705.0,Inscripción ITESHU.,0,3.044522437723423,6,0,Nivel 1
1706.0,Declaración de Impuestos Estatales,6,7.273092595999522,2,2,Sin_nivel
1707.0,Declaración de ISR Enajenación de Bienes Inmuebles Impuestos Federales Coordinados,6,4.795790545596741,6,2,Sin_nivel
1708.0,Devolución por Concepto de Pago de lo Indebido Estatal,6,9.575052927597383,2,1,Sin_nivel
1715.0,Pago de Créditos Fiscales Estatales,6,3.044522437723423,1,2,Sin_nivel
1717.0,Pago de Créditos Fiscales Federales Coordinados,6,3.044522437723423,1,2,Sin_nivel
1718.0,Compensación por concepto de pago de lo indebido estatal,6,11.366754528799241,0,1,Sin_nivel
1721.0,Declaración de ISAN,6,4.110873864173311,2,2,Sin_nivel
1730.0,Movimientos y Actualización al Padrón Estatal de Contribuyentes,1,3.044522437723423,5,1,Nivel 3.1
1735.0,Alta de vehículo particular,6,3.044522437723423,8,2,Sin_nivel
1736.0,Baja de vehículo particular,6,3.044522437723423,2,1,Sin_nivel
1738.0,Expedición de Placas de Demostración para Vehículos de Agencia,5,3.044522437723423,1,2,Nivel 3.7
1742.0,Baja de vehículo de transporte público.,6,3.044522437723423,3,1,Sin_nivel
1746.0,Reposición de Tarjeta de Circulación por Pérdida o Actualización Datos,6,7.273092595999522,3,1,Sin_nivel
1747.0,Inscripción al Registro Estatal de Contribuyentes,1,7.273092595999522,1,1,Nivel 3.1
1780.0,Laboratorio de Constatación de Leche.,3,7.273092595999522,1,0,Nivel 2
4806.0,Equivalencia de Estudios UPMH,5,10.706407998237976,4,1,Nivel 3.7
4904.0,Reinscripción UPMH,5,7.9658927350845286,3,0,Nivel 3.7
5041.0,Inscripción De las Demás Zonas por división (Registro Público de la Propiedad y del Comercio),6,7.273092595999522,5,1,Sin_nivel
5055.0,"Certificaciones. (Registro Público de la Propiedad y del Comercio, Registro de Crédito Agrícola)",6,7.273092595999522,1,1,Sin_nivel
5056.0,Cancelación de Inscripción. (Registro Público de la Propiedad y del Comercio),6,7.273092595999522,2,1,Sin_nivel
5206.0,Servicios de Psicología para Mujeres Jóvenes.,6,4.110873864173311,0,1,Sin_nivel
5207.0,Orientación Vocacional para Mujeres Jóvenes.,6,7.273092595999522,0,1,Sin_nivel
5516.0,Expedición de Permiso de circulación.,6,2.3978952727983707,3,1,Sin_nivel
5517.0,Baja Administrativa de Vehículos,6,2.3978952727983707,1,1,Sin_nivel
5518.0,Alta de vehículo de transporte público,6,3.4339872044851463,6,3,Sin_nivel
5575.0,Ampliación de Periodo de Verificación Vehícular Extemporánea,0,7.273092595999522,3,0,Nivel 1
5805.0,Licitaciones Públicas,6,0.0,0,0,Sin_nivel
5911.0,Visita Guiada al Parque Ecológico Cubitos,0,7.273092595999522,0,0,Nivel 1
6110.0,Titulación (ITSOEH),6,10.798779341814225,1,0,Sin_nivel
6112.0,Constancia de Residencia Profesional (ITSOEH),6,9.980494888896912,0,0,Sin_nivel
6251.0,Atención Jurídica en Materia Familiar y Penal a Mujeres en Situación de Violencia de Género.,6,4.795790545596741,0,3,Sin_nivel
6256.0,Atención de Trabajo Social a Mujeres en Situación de Violencia de Género,6,3.828641396489095,0,6,Sin_nivel
6609.0,Inscripción UPFIM,2,7.273092595999522,3,0,Nivel 3.9
6613.0,Reinscripción UPFIM,2,7.273092595999522,1,0,Nivel 3.9
6668.0,Compulsa de documentos,6,7.273092595999522,0,0,Sin_nivel
6730.0,Donación de Planta Forestal para Reforestación,6,8.881975184248867,0,0,Sin_nivel
6779.0,"Visita al Parque Nacional ""El Chico""",6,7.273092595999522,0,0,Sin_nivel
6876.0,Inscripción UTMZ,6,7.273092595999522,4,0,Sin_nivel
6879.0,Examen de Ingreso UTMZ,6,7.273092595999522,1,0,Sin_nivel
6894.0,Solicitud de Examen de Admisión UPMH,5,8.371242135931933,3,0,Nivel 3.7
6895.0,Certificados de Estudios Parciales y Totales UPMH,5,9.469700127423375,3,0,Nivel 3.7
6919.0,Historial Académico UTSH,6,7.273092595999522,1,0,Sin_nivel
6923.0,Reposición de credencial UTSH,6,7.273092595999522,1,0,Sin_nivel
6930.0,Reinsripción UTMZ,0,8.881975184248867,1,0,Nivel 1
6932.0,Constancia Escolar UTMZ,0,7.273092595999522,1,0,Nivel 1
7033.0,Titulación UTHH,3,12.465359101477507,3,0,Nivel 2
7078.0,"Prestación de servicios del Polideportivo, Gimnasio Presidente Miguel Alemán y el estadio de béisbol G. Alfonso Corona del Rosal del Instituto Hidalguense del Deporte",0,2.3978952727983707,0,1,Nivel 1
7111.0,Publicaciones e impresiones (Materia Catastral Intructivo de Valuación),6,8.371242135931933,1,0,Sin_nivel
7140.0,Preinscripción a Preparatoria Abierta,0,3.4339872044851463,2,0,Nivel 1
7147.0,Inscripción a Preparatoria Abierta,0,3.044522437723423,6,0,Nivel 1
7150.0,Certificación de Preparatoria Abierta,0,9.980494888896912,6,0,Nivel 1
7163.0,Constancia de No Infracción.,3,3.4339872044851463,2,1,Nivel 2
7174.0,Constancia de Inscripción de Preparatoria Abierta,0,7.9658927350845286,2,2,Nivel 1
7175.0,Historial Académico de Preparatoria Abierta,0,2.3978952727983707,3,1,Nivel 1
7180.0,Solicitud de exámenes ordinarios de Preparatoria Abierta,0,2.772588722239781,3,0,Nivel 1
7181.0,Solicitud de exámenes extemporáneos de Preparatoria Abierta,0,2.772588722239781,3,0,Nivel 1
7261.0,Inscripción a Nivel Posgrado UPMH,5,7.9658927350845286,6,2,Nivel 3.7
7278.0,Servicios de Laboratorio UTTT,0,9.980494888896912,2,2,Nivel 1
7280.0,Servicios de Evaluación y certificación /Entidad de Certificación y Evaluación UTTT,0,10.673618922112436,1,0,Nivel 1
7281.0,Consultoría y Estudio Técnico UTTT,0,10.268165387743457,3,1,Nivel 1
7291.0,Reinscripción UTVAM,0,7.9658927350845286,2,0,Nivel 4.3
7293.0,Expedición de Historial Académico UTVAM,0,7.9658927350845286,2,0,Nivel 4.3
7328.0,Constancia de Estudios UPT,5,2.3978952727983707,1,0,Nivel 3.7
7329.0,Historial Académico UPT,5,2.3978952727983707,1,0,Nivel 3.7
7335.0,Entrega de apoyos a población vulnerable,6,7.273092595999522,0,0,Sin_nivel
7365.0,"Expedición de información catastral, sin certificación.",0,8.371242135931933,1,1,Nivel 1
7389.0,Equivalencia de Estudios UPP,5,3.9318256327243257,4,1,Nivel 3.7
7394.0,Certificado Parcial de Estudios y/o Carta de Pasante UPP,0,4.2626798770413155,2,0,Nivel 3.8
7397.0,Reposición de credencial escolar UPE,0,8.371242135931933,2,0,Nivel 1
7429.0,Constancia de no Adeudo UPP,3,8.371242135931933,2,2,Nivel 2
7432.0,Certificado de Estudios ITESHU.,0,8.658866349732383,2,0,Nivel 1
7433.0,Constancia Escolar ITESHU.,0,7.273092595999522,1,0,Nivel 1
7434.0,Examen de Egreso de Licenciatura UPT,7,3.044522437723423,1,0,Nivel 4.1
7437.0,Constancia Escolar UPP,5,7.273092595999522,3,0,Nivel 3.7
7442.0,Equivalencia de Estudios UPT,5,2.772588722239781,3,0,Nivel 3.7
7444.0,Certificación UPT,5,3.828641396489095,2,0,Nivel 3.7
7445.0,Credencial Escolar UPT,5,2.772588722239781,1,0,Nivel 3.7
7446.0,Examen Toefl UPT,7,3.044522437723423,1,0,Nivel 4.1
7447.0,Examen de Competencia Profesional UPT,7,3.044522437723423,1,0,Nivel 4.1
7448.0,Examen Extraordinario UPT,7,3.044522437723423,1,0,Nivel 4.1
7449.0,Recurso de Revocación Estatal,0,11.772215778919925,3,0,Nivel 4.2
7463.0,Historial Académico UPP,5,4.2626798770413155,1,0,Nivel 3.7
7467.0,Titulación Nivel Licenciatura/Ingeniería y Posgrado UPP,2,3.713572066704308,7,4,Nivel 3.9
7477.0,Recurso de Revocación Federal,6,11.772215778919925,3,0,Sin_nivel
7479.0,Curso Propedéutico UPP,0,3.044522437723423,2,0,Nivel 1
7488.0,Copias de documentos que obren en la Procuraduría Fiscal del Estado.,6,8.371242135931933,1,1,Sin_nivel
7501.0,Certificado Parcial UTTT,0,3.4339872044851463,1,0,Nivel 1
7502.0,Reposición de credencial UTTT,0,1.791759469228055,1,0,Nivel 1
7524.0,Curso semipresencial ITESHU.,0,7.9658927350845286,1,0,Nivel 1
7528.0,Exámenes Generales de Egreso de la Licenciatura (EGEL) ITESHU.,0,5.707110264748875,1,0,Nivel 1
7538.0,Congresos - Simposios ITESHU.,0,8.371242135931933,1,0,Nivel 1
7570.0,Servicios Tecnológicos tipo I (ITSOEH),6,10.768926997586153,0,0,Sin_nivel
7582.0,Asesoría Técnica ITESHU.,0,9.575052927597383,1,1,Nivel 1
7584.0,Dictamen de equivalencia ITESHU.,0,9.67035679468885,4,1,Nivel 1
7585.0,"Curso de extensión, actualización o educación continua ITESHU.",0,8.371242135931933,1,1,Nivel 1
7586.0,Evaluación de segunda oportunidad ITESHU.,0,5.8888779583328805,1,0,Nivel 1
7588.0,Titulación ITESHU.,0,4.454347296253507,8,1,Nivel 1
7591.0,Capacitación y Certificación a entrenadores Instituto Hidalguense del Deporte,0,2.3978952727983707,3,0,Nivel 1
7619.0,Reposición de Credencial UTVAM,0,7.9658927350845286,2,0,Nivel 4.3
7622.0,Inscripción (CEH),0,7.273092595999522,1,0,Nivel 1
7626.0,Registro de Admisión (CEH),0,7.273092595999522,2,2,Nivel 1
7628.0,"Componente Rehabilitación, Modernización y Tecnificación de Distritos de Riego.",3,9.575052927597383,3,1,Nivel 2
7629.0,Componente Equipamiento de Distritos de Riego.,3,9.575052927597383,3,1,Nivel 2
7632.0,"Componente Rehabilitación, Modernización, Tecnificación, Equipamiento de Unidades de Riego y Proyectos Productivos en Zonas de Atención Prioritaria.",3,9.575052927597383,5,1,Nivel 2
7663.0,Certificación de copias de documentos históricos,0,7.273092595999522,0,0,Nivel 1
7746.0,Acuerdo de autorización por cambio de domicilio,0,12.465359101477507,2,1,Nivel 1
7805.0,Duplicado de certificado de estudios UTVM,0,10.316953898529778,1,0,Nivel 1
8129.0,Expedición de Certificado de Estudios UTVAM,0,7.9658927350845286,2,0,Nivel 4.3
8132.0,Historial Académico UTMZ,0,7.273092595999522,0,1,Nivel 1
8136.0,Curso de Lengua Extranjera a Público en General y Personal Docente y Administrativo UTVAM,0,7.9658927350845286,3,1,Nivel 1
8142.0,Reposición de Credencial Escolar UPP,0,2.772588722239781,2,0,Nivel 1
8154.0,Becas UPT,7,2.1972245773362196,1,1,Nivel 4.1
8172.0,Aclaración de resultados de exámenes de Preparatoria Abierta por omisión y/o revisión administrativa,0,2.772588722239781,1,1,Nivel 1
8176.0,Registro de Equivalencias Preparatoria Abierta,0,3.044522437723423,3,1,Nivel 1
8256.0,Titulación UPH,3,12.059895922372384,7,0,Nivel 2
8293.0,Constancia de Estudios COBAEH,0,7.9658927350845286,0,0,Nivel 1
8294.0,Certificado de Estudios COBAEH,0,10.316953898529778,0,0,Nivel 1
8295.0,Equivalencia de Estudios COBAEH,0,9.757362911053992,1,0,Nivel 1
8298.0,Seguro Escolar COBAEH,0,1.791759469228055,0,0,Nivel 1
8299.0,Historial académico UTVM,0,1.0986122886681096,1,0,Nivel 4.3
8309.0,Equivalencias de estudios UTVM,0,10.316953898529778,3,0,Nivel 1
8314.0,Alimentación Escolar Modalidad Fría,6,7.273092595999522,2,1,Sin_nivel
8315.0,Alimentación Escolar Modalidad Caliente,0,7.273092595999522,1,0,Nivel 1
8322.0,"Atención Alimentaria a Grupos Prioritarios, Personas Mayores",0,7.273092595999522,0,0,Nivel 1
8323.0,Atención Alimentaria en los Primeros 1000 Días,0,7.273092595999522,2,1,Nivel 1
8328.0,Atención Alimentaria a Personas en Situación de Emergencia o Desastre,0,7.273092595999522,0,0,Nivel 1
8331.0,"Atención Alimentaria a Grupos Prioritarios, Personas con Discapacidad",0,7.273092595999522,1,0,Nivel 1
8340.0,Atención Psicológica a Mujeres en Situación de Violencia de Género,6,4.110873864173311,0,0,Sin_nivel
8361.0,Admisión ITESHU.,0,3.332204510175204,4,0,Nivel 1
8688.0,Servicios de Sensibilización y desarrollo de habilidades para la vida de las juventudes,6,7.273092595999522,0,0,Sin_nivel
8718.0,Aviso de Actualización de Datos o Baja del Establecimiento de Insumos para la Salud que Opera con Licencia Sanitaria.,0,3.044522437723423,0,0,Nivel 1
8719.0,Aviso de Actualización de Datos para Servicios Urbanos de Fumigación y Control de Plagas Urbanas del Establecimiento que Opera con Licencia Sanitaria.,0,0.0,0,0,Nivel 1
8720.0,Aviso de Funcionamiento de Crematorio,0,9.980494888896912,7,1,Nivel 1
8722.0,Aviso de Funcionamiento de Panteón.,0,9.980494888896912,6,1,Nivel 1
8727.0,Licencia Sanitaria de Unidades Móviles para Traslado de Cadáveres,0,9.980494888896912,3,0,Nivel 1
8739.0,Solicitud de Modificación a la Licencia Sanitaria de Establecimientos de Insumos para la Salud Modalidad G.- Farmacia o Botica (con venta de medicamentos controlados),0,11.366754528799241,2,0,Nivel 1
8740.0,Solicitud de Modificación a la Licencia Sanitaria para Servicios Urbanos de Fumigación y Control de plagas.,0,11.366754528799241,3,0,Nivel 1
8858.0,Credencial Escolar y duplicado COBAEH,0,10.363472411086743,0,0,Nivel 1
8860.0,Asesoría para el Desarrollo de Productos y la Comercialización en Agronegocios.,3,7.273092595999522,2,1,Nivel 2
8862.0,Asesoría para el trámite de la membresía GS1 para la trazabilidad en productos agropecuarios,3,7.273092595999522,3,4,Nivel 2
8863.0,Asesoría presencial y a distancia para la Constitución de Sociedades Agropecuarias y Pesqueras.,3,7.273092595999522,2,0,Nivel 2
8865.0,Asistencia Técnica y Capacitación Pecuaria.,3,8.881975184248867,1,1,Nivel 2
8867.0,Siembra de Crías de Peces.,3,10.673618922112436,0,1,Nivel 2
8905.0,Clínica Universitaria de Rehabilitación Integral (C.U.R.e.I.) Servicios de Terapia Física UPP,5,7.273092595999522,3,0,Nivel 3.7
8933.0,Inscripción al Catálogo de Empresas del Sector Energético del Estado de Hidalgo.,0,10.162808729968926,3,1,Nivel 1
8934.0,"Reinscripción: 2°,3°,4°,5° y 6° Semestre Bachillerato del Estado de Hidalgo",0,3.4339872044851463,1,0,Nivel 1
8939.0,Titulación UPMH,1,12.813664661036311,4,1,Nivel 3.2
8956.0,Opinión de Cumplimiento de Obligaciones Fiscales Estatales,6,8.371242135931933,0,0,Sin_nivel
8984.0,Reposición de certificado o constancia del ICATHI,0,3.4339872044851463,1,0,Nivel 1
9011.0,Tienda en línea Margarita Michelena.,0,7.9658927350845286,0,0,Nivel 1
9036.0,Cesión de Derechos - Comisión Estatal de Vivienda,6,3.4339872044851463,3,1,Sin_nivel
9037.0,Órdenes de escrituración - Comisión Estatal de Vivienda,6,3.4339872044851463,4,1,Sin_nivel
9074.0,Constancia escolar UICEH,0,7.273092595999522,1,0,Nivel 1
9075.0,"Asesoría técnica, especializada en agricultura sustentable.",3,7.273092595999522,1,0,Nivel 2
9077.0,Credencialización UICEH,0,4.110873864173311,1,0,Nivel 1
9918.0,Garantias del Interes Fiscal (Federal),6,11.772215778919925,0,1,Sin_nivel
9919.0,Garantias del Interes Fiscal (Estatal),6,11.772215778919925,0,1,Sin_nivel
9920.0,Remates en línea,6,10.673618922112436,0,0,Sin_nivel
9948.0,Historial Académico UNIDEH,6,7.273092595999522,1,0,Sin_nivel
9957.0,Dictamen de Equivalencia (ITSOEH),6,11.366754528799241,3,1,Sin_nivel
9974.0,Préstamo con maquinaria especializada para la nivelación de tierras agrícolas.,3,7.273092595999522,1,1,Nivel 2
10035.0,Publicaciones e impresiones (Materia Catastral Compendio Catastral),6,8.371242135931933,1,0,Sin_nivel
10079.0,Refrendo anual perito topográfo,6,12.059895922372384,1,2,Sin_nivel
10080.0,Becas para la Transformación de Estudiantes de Instituciones de Educación Superior,7,8.881975184248867,11,3,Nivel 4.1
10106.0,Copia de Ortofoto a color escala 1:1000,6,8.371242135931933,2,1,Sin_nivel
10408.0,Autorización de Centro de Asesoría Particular de Preparatoria Abierta,0,9.980494888896912,9,0,Nivel 1
10519.0,Admisión UPFIM,2,7.273092595999522,1,0,Nivel 3.9
10522.0,Constancia Escolar UPFIM,0,6.175867270105761,1,0,Nivel 1
10523.0,Certificado Parcial UPFIM,2,9.980494888896912,2,0,Nivel 3.9
10524.0,Cursos de Educación Continua UPFIM,2,7.273092595999522,1,0,Nivel 3.9
10549.0,Titulación en la UICEH,0,13.158504353030688,8,0,Nivel 1
10562.0,Examen TOEFL UPFIM,6,7.273092595999522,1,0,Sin_nivel
10587.0,Asesoría Jurídica en Derechos Humanos,6,7.273092595999522,0,0,Sin_nivel
10588.0,Escrituras Públicas para personas que han tenido en posesión un predio,0,12.75304020942637,5,0,Nivel 1
10605.0,Modificación de Tipo de Perito en el Padrón,6,8.371242135931933,3,1,Sin_nivel
10606.0,Atención al empoderamiento.,6,3.4339872044851463,0,0,Sin_nivel
10618.0,Uso de la Plataforma Naturalista,0,7.273092595999522,0,1,Nivel 1
10662.0,Credencial de Identificación Escolar (CEH),0,8.881975184248867,0,2,Nivel 1
10793.0,Becas Institucionales UPP,3,9.351926736038054,0,3,Nivel 2
10806.0,Transformando con la Juventud,1,2.772588722239781,3,1,Nivel 3.2
10814.0,Tu Experiencia Transforma,1,2.772588722239781,3,1,Nivel 3.2
10825.0,Acompañamiento a los municipios para la implementación de estrategias que impulsen el desarrollo económico local,0,9.980494888896912,0,1,Nivel 1
10838.0,"Expedición, Renovación o Reposición por Robo o Extravío del Tarjetón para Personas que Conducen Unidades Autorizadas por el Sistema de Transporte Convencional",3,3.1780538303479458,7,1,Nivel 2
10850.0,"Suministro e instalación de mojonera de hormigon de 40 cms. de largo y 10 cms. de diametro con una varilla al centro de 1/2"", para identificación de vertices que delimitan perimetrales de predio",6,8.371242135931933,4,1,Sin_nivel
10878.0,Equivalencia de Estudios UPFIM,2,10.673618922112436,3,0,Nivel 3.9
10913.0,Actualización del Registro de Proveedores (Persona Moral),6,7.273092595999522,0,0,Sin_nivel
10927.0,Gestión de Créditos,3,7.273092595999522,2,0,Nivel 2
10970.0,Asignación de Servicio Social UPP,3,3.4339872044851463,3,1,Nivel 2
10972.0,Asesoría Legal En Materia Notarial,6,7.273092595999522,0,0,Sin_nivel
10981.0,"Inscripción de la designación, aceptación o discernimiento del cargo de albacea. Declaración y reconocimiento de herederos en un solo documento.",6,7.273092595999522,2,1,Sin_nivel
11018.0,Expedición de constancias de documentos que obran en la Dirección General de Profesiones,0,8.371242135931933,1,1,Nivel 1
11019.0,Verificación energética en centros de carga eléctrica con tarifa comercial hasta 25 kW.,0,10.268165387743457,3,1,Nivel 1
11021.0,Verificación energética en centros de carga eléctrica con tarifa de uso domestico (DAC),0,10.268165387743457,0,1,Nivel 1
11023.0,Inscripción Nivel Posgrado UPFIM,2,7.273092595999522,6,1,Nivel 3.9
11055.0,Ayudas Comunitarias a Mujeres y Familias Indígenas,6,7.273092595999522,2,1,Sin_nivel
11056.0,Eco Estufas del Bienestar,3,2.3978952727983707,2,1,Nivel 2
11058.0,Mujer de Maíz,3,8.658866349732383,2,1,Nivel 2
11063.0,Seguridad Alimentaria,3,2.3978952727983707,1,1,Nivel 2
11065.0,Remodelación de Parques en Comunidades Indígenas,6,7.273092595999522,3,1,Sin_nivel
11066.0,Revalidación de Estudios Bachillerato del Estado de Hidalgo,0,3.4339872044851463,1,0,Nivel 1
11075.0,Corredor Artesanal,6,7.273092595999522,4,1,Sin_nivel
11158.0,Impuesto sobre Tenencia y Refrendo Vehicular (transporte público),5,7.273092595999522,8,3,Nivel 3.7
11163.0,Constancia de estudios UTMIR,1,8.371242135931933,0,0,Nivel 3.1
11212.0,Asesoría en Materia de Mantenimiento y Conservación de Parques Industriales,6,7.273092595999522,0,0,Sin_nivel
11213.0,"Inscripción de la disolución, liquidación y de ambas cuando consten en un solo documento. (Registro Público de la Propiedad y del Comercio, personas morales)",6,7.273092595999522,2,1,Sin_nivel
11219.0,Acciones en materia de transversalidad de la perspectiva de género,0,8.371242135931933,0,1,Nivel 1
11220.0,Acciones en materia de protección de los derechos humanos de las mujeres,0,8.371242135931933,0,0,Nivel 1
11221.0,Apoyos asistenciales otorgados a mujeres,0,8.371242135931933,3,1,Nivel 1
11222.0,Apoyos económicos para el bienestar físico de las mujeres,0,7.273092595999522,4,1,Nivel 1
11224.0,"Apoyos económicos para niñas y adolescentes embarazadas, madres o con plan de restitución de derechos",0,8.371242135931933,3,2,Nivel 1
11301.0,Levantamiento topográfico.,0,9.980494888896912,1,1,Nivel 1
11316.0,Constancia de estudios UTT,6,7.273092595999522,0,0,Sin_nivel
11218.0,Constancia de Estudios UTSH,6,7.273092595999522,1,0,Sin_nivel
11008.0,Verificación energética en centros de carga eléctrica con tarifa empresarial menor a 100 kW.,0,10.268165387743457,3,1,Nivel 1
442.0,"Talleres, Pláticas y Conferencias sobre Habilidades de vida para Niñas, Niños y Adolescentes",6,7.273092595999522,2,0,Sin_nivel
10928.0,Pago de multa por incomparecencia del patrón en el procedimiento de conciliación,6,7.273092595999522,0,0,Sin_nivel
5061.0,"Por cada foja digitalizada, archivo informático y disco óptico que se utilice para entregar los documentos a que se refieren las fracciones I a III",6,7.273092595999522,1,1,Sin_nivel
8275.0,Certificado de Estudios UPH,3,7.9658927350845286,1,0,Nivel 2
6893.0,Constancia de Estudios UPMH,5,5.198497031265826,1,0,Nivel 3.7
6896.0,Reposición de la Credencial de la UPMH por pérdida,5,8.371242135931933,1,0,Nivel 3.7
7441.0,Reposición de credencial ITESHU.,0,7.273092595999522,1,0,Nivel 1
7536.0,Publicación de Artículo en Congreso ITESHU.,0,11.738314493312824,3,0,Nivel 1
773.0,Inspección Vehicular para Unidades Autorizadas por el Sistema de Transporte Convencional,3,3.4339872044851463,4,1,Nivel 2
10977.0,Quejas administrativas en contra de las y los Notarios Públicos durante el ejercicio de su función,6,7.273092595999522,0,0,Sin_nivel
973.0,Cotejo de documentos no autentificados que deben destinarse al apéndice (Registro Público de la Propiedad y del Comercio),4,9.980494888896912,2,1,Nivel 3.5
7500.0,Constancia Escolar UTTT,0,2.3978952727983707,1,0,Nivel 1
8267.0,Trámite de Equivalencia de Estudios UPH,3,11.366754528799241,3,1,Nivel 2
1004.0,"Inscripción de convenios para fraccionar, lotificar o subdividir un predio (zonas urbanas, residenciales e industriales). (Registro Público de la Propiedad y del Comercio)",4,9.980494888896912,4,1,Nivel 3.5
1005.0,Inscripción de créditos refaccionarios de habilitación o avío agrícola. (Registro Público de la Propiedad y del Comercio),4,9.980494888896912,1,1,Nivel 3.5
820.0,"Reposición de Placas por robo, Extravío o Robo de Unidades Autorizadas por el Sistema de Transporte Convencional",3,3.4339872044851463,4,1,Nivel 2
8479.0,Reporte Ciudadano en Materia de Protección Civil,0,10.268165387743457,0,0,Nivel 1
7349.0,Ingreso a Casa de Día del Sistema DIF Hidalgo,6,7.273092595999522,4,0,Sin_nivel
497.0,Préstamos prendarios,6,7.273092595999522,1,0,Sin_nivel
1650.0,Historial Académico UTMIR,1,8.371242135931933,1,0,Nivel 3.1
10607.0,"Proceso y trámite de Adopción de Niñas, Niños y Adolescentes",6,7.273092595999522,0,0,Sin_nivel
11059.0,Por si las Lluvias,3,2.3978952727983707,2,1,Nivel 2
1702.0,Alta Provisional de Albacea de la Concesión del Servicio Público,6,7.273092595999522,7,1,Sin_nivel
5205.0,Consejería en Salud Sexual y Reproductiva para Mujeres Jóvenes,6,3.9318256327243257,0,0,Sin_nivel
1655.0,Ortofoto a color escala 1:1000 derivado de vuelo con Dron.,6,8.371242135931933,3,1,Sin_nivel
1658.0,Dictaminación de Avalúos (Catastral),0,9.469700127423375,8,1,Nivel 1
1551.0,"Copia de plano de la localidad, 60x90 cms (Catastral)",6,8.371242135931933,2,1,Sin_nivel
1685.0,Concesiones y Permisos de Servicios Auxiliares y Conexos Autorizados por el Sistema de Transporte Convencional,6,7.273092595999522,11,1,Sin_nivel
10521.0,Historial Académico UPFIM,0,6.175867270105761,1,0,Nivel 1
1703.0,Extinción de Permisos de Servicio Privado y Complementario de Transporte de Personas y Bienes,6,7.273092595999522,2,1,Sin_nivel
7469.0,Transferencia por Sentencia de Adjudicación de la Concesión del Servicio de Transporte Público,6,7.273092595999522,10,1,Sin_nivel
5343.0,Atención Temporal a Niñas y Niños acompañantes de usuarias,6,7.273092595999522,0,4,Sin_nivel
1192.0,"Aviso de Previsiones de Compra Venta de Estupefacientes para Farmacias, Droguerías y Boticas",0,3.044522437723423,1,0,Nivel 1
7566.0,Examen General de Egreso de la Licenciatura (ITSOEH)-IngenierÍas,6,8.371242135931933,2,0,Sin_nivel
7577.0,Proceso de Incubación (ITSOEH),6,10.673618922112436,0,0,Sin_nivel
7554.0,Protocolo de Titulación a Nivel Licenciatura (ITSOEH),6,8.371242135931933,4,0,Sin_nivel
7578.0,Cuota por Servicio de Extensión y Educación continua (ITSOEH),6,10.673618922112436,0,0,Sin_nivel
9858.0,Curso de Idiomas (ITSOEH),6,9.218407743053941,1,0,Sin_nivel
447.0,Expedición de Constancias de No inhabilitación,6,7.9658927350845286,0,1,Sin_nivel
9958.0,Curso de Asignatura de 120 horas o más,6,8.371242135931933,1,0,Sin_nivel
8746.0,Permiso Sanitario para Traslado de Cadáveres o Restos Áridos Fuera del Territorio Estatal,0,3.044522437723423,1,1,Nivel 1
1596.0,Aprobación del Plan de Manejo de Residuos de Manejo Especial.,3,11.366754528799241,1,2,Nivel 2
6664.0,Autorización para la Operación de sitios de Disposición Final para Residuos Provenientes de la Construcción,6,10.673618922112436,1,1,Sin_nivel
1476.0,Autorización para Prestar Servicios de Seguridad Privada en el Estado.,3,9.575052927597383,11,12,Nivel 1
481.0,Consulta externa de pediatría y especialidades en el Hospital del Niño DIF Hidalgo,0,7.273092595999522,1,0,Nivel 1
876.0,Inicio de Carpetas de Investigación Presencial,0,4.795790545596741,0,0,Nivel 1
986.0,Certificado de Inscripción (Registro Público de la Propiedad y del Comercio),4,9.0642735958414,1,2,Nivel 3.5
825.0,Pago de Derechos Anuales de las Unidades Autorizadas por el Sistema de Transporte Convencional,3,3.4339872044851463,2,1,Nivel 2
332.0,Inscripción en el Padrón de Proveedores (Persona Física),6,7.273092595999522,0,0,Sin_nivel
1175.0,Registro Estatal de Consultores en Materia de Protección Civil,0,10.673618922112436,0,0,Nivel 1
1168.0,Por la supervisión y emisión de opiniones técnicas de factibilidad de usos de suelo de impacto significativo,0,10.673618922112436,0,0,Nivel 1
1608.0,Pago de bases Licitaciones Públicas Estatales,0,2.3978952727983707,1,1,Nivel 1
1166.0,"Por la supervisión y la emisión de opiniones técnicas de establecimientos comerciales, industriales, de espectáculos públicos y de servicios instalados o que pretendan instalarse en el territorio del Estado",0,10.673618922112436,0,0,Nivel 1
1409.0,Inscripción nivel licenciatura UPH,3,3.4339872044851463,3,1,Nivel 2
1693.0,Préstamo de documentos históricos,0,3.4339872044851463,0,0,Nivel 1
761.0,Atención Ciudadana y Recepción de Quejas o Denuncias en contra de Servidores Públicos de la PGJH,0,4.110873864173311,2,0,Nivel 1
1590.0,Por la Expedición y Entrega de un ejemplar del Periódico Oficial.,5,7.273092595999522,0,0,Nivel 3.7
384.0,Inscripción en el Padrón de Proveedores (Persona Moral),6,7.273092595999522,0,0,Sin_nivel
800.0,Certificación de Copias Expedidas por el Sistema de Transporte Convencional,6,7.273092595999522,2,1,Sin_nivel
804.0,Transferencia de Concesión del Servicio de Transporte Público,6,7.273092595999522,8,1,Sin_nivel
810.0,Sustitución Vehicular de Unidades Autorizadas por el Sistema de Transporte Convencional,6,7.273092595999522,9,1,Sin_nivel
822.0,Autorización de Cambio de Número de Motor para las Unidades Autorizadas por el Sistema de Transporte Convencional,6,7.273092595999522,3,1,Sin_nivel
971.0,Cancelación de Actos Jurídicos (Registro Público de la Propiedad y del Comercio),4,9.980494888896912,2,1,Nivel 3.5
976.0,Depósito de Testamento Ológrafo (Registro Público de la Propiedad y del Comercio),6,7.273092595999522,2,1,Sin_nivel
980.0,Devolución de un documento sin inscripción por causas no imputables al Registro Público de la Propiedad.,4,8.881975184248867,1,0,Nivel 3.5
987.0,Certificado de no Inscripción (Registro Público de la Propiedad y del Comercio),4,9.0642735958414,6,2,Nivel 3.5
992.0,Inscripción de accesión de construcciones (Registro Público de la Propiedad y del Comercio),4,9.980494888896912,7,1,Nivel 3.5
996.0,Inscripción de actas de asamblea de socios o juntas de administradores (Registro Público de la Propiedad y del Comercio),4,9.980494888896912,2,1,Nivel 3.5
998.0,Inscripción de apeo o deslinde. (Registro Público de la Propiedad y del Comercio),4,9.980494888896912,3,1,Nivel 3.5
1000.0,Inscripción de aportaciones de bienes inmuebles. (Registro Público de la Propiedad y del Comercio),6,7.273092595999522,6,1,Sin_nivel
1002.0,Inscripción de compra-venta a plazos con reserva de dominio. (Registro Público de la Propiedad y del Comercio),4,9.980494888896912,7,1,Nivel 3.5
1006.0,Inscripción de cualquier clase de testamento. (Registro Público de la Propiedad y del Comercio),4,9.980494888896912,3,1,Nivel 3.5
1007.0,Inscripción de cualquier otro título registrable conforme a la Ley. (Registro Público de la Propiedad y del Comercio),4,9.980494888896912,2,1,Nivel 3.5
1009.0,Inscripción de disolución de la sociedad conyugal en lo referente a bienes inmuebles. (Registro Público de la Propiedad y del Comercio),4,9.980494888896912,1,1,Nivel 3.5
1010.0,Inscripción de división de copropiedad. (Registro Público de la Propiedad y del Comercio),4,9.980494888896912,6,1,Nivel 3.5
1011.0,Inscripción de documentos de valor determinado referente a sociedades de producción rural. (Registro Público de la Propiedad y del Comercio),4,9.980494888896912,2,1,Nivel 3.5
1013.0,"Inscripción de emisión de obligaciones, acciones, cédula y certificado de participación.. (Registro Público de la Propiedad y del Comercio)",4,9.980494888896912,2,1,Nivel 3.5
1045.0,Inscripción de fusión de sociedades. (Registro Público de la Propiedad y del Comercio),4,9.980494888896912,2,1,Nivel 3.5
1046.0,Inscripción de informaciones posesorías. (Registro Público de la Propiedad y del Comercio),4,9.980494888896912,4,1,Nivel 3.5
1048.0,Inscripción de la autorización para vender o gravar bienes de menores o incapaces. (Registro Público de la Propiedad y del Comercio),4,9.980494888896912,2,1,Nivel 3.5
1050.0,Inscripción de la cancelación de créditos otorgados por Instituciones de crédito. (Registro Público de la Propiedad y del Comercio),4,9.980494888896912,3,1,Nivel 3.5
1053.0,Inscripción de la modificación al Acta Constitutiva que no implique aumento de capital. (Registro Público de la Propiedad y del Comercio),4,9.980494888896912,2,1,Nivel 3.5
1056.0,Inscripción de limitaciones o gravámenes a la propiedad de inmuebles. (Registro Público de la Propiedad y del Comercio),4,9.980494888896912,2,1,Nivel 3.5
1057.0,Inscripción de operaciones que limiten o graven bienes muebles. (Registro Público de la Propiedad y del Comercio),4,9.980494888896912,2,1,Nivel 3.5
1059.0,Inscripción de poderes. (Registro Público de la Propiedad y del Comercio),4,9.980494888896912,2,1,Nivel 3.5
1061.0,Inscripción de providencias precautorias de carácter mercantil. (Registro Público de la Propiedad y del Comercio),4,9.980494888896912,2,1,Nivel 3.5
1062.0,Inscripción de resoluciones de información Ad'perpetuam. (Registro Público de la Propiedad y del Comercio),4,9.980494888896912,5,1,Nivel 3.5
1063.0,Inscripción de revocación o renuncia de poderes. (Registro Público de la Propiedad y del Comercio),4,9.980494888896912,2,1,Nivel 3.5
1065.0,Inscripción de suspensión de pagos o declaración de concursos. (Registro Público de la Propiedad y del Comercio),6,7.273092595999522,2,1,Sin_nivel
1066.0,Inscripción de todas las operaciones que impliquen transmisión de propiedad. (Registro Público de la Propiedad y del Comercio),6,7.273092595999522,6,1,Sin_nivel
1067.0,Inscripción del auto de ejecución de embargo. (Registro Público de la Propiedad y del Comercio),6,7.273092595999522,3,1,Sin_nivel
1070.0,Inscripción por asociación en participación. (Registro Público de la Propiedad y del Comercio),6,7.273092595999522,3,1,Sin_nivel
1073.0,Inscripción por Repudio de Herencia. (Registro Público de la Propiedad y del Comercio),6,7.273092595999522,2,1,Sin_nivel
1137.0,Registro de Perito,3,8.371242135931933,5,2,Nivel 2
1171.0,Atención a Personas que Acuden a Realizar Donación de Sangre,0,5.198497031265826,4,0,Nivel 1
1172.0,"Por la supervisión y emisión de opiniones técnicas diversas relacionadas con Gas L.P., estaciones de carburación, bodega y derivados del Petróleo",0,10.673618922112436,0,0,Nivel 1
1193.0,"Solicitud de Licencia Sanitaria para Farmacias, o Boticas con Venta de Medicamentos Controlados",0,11.366754528799241,2,0,Nivel 1
1224.0,Autorización de Campañas o Jornadas Médicas para Prestación de Servicios de Salud.,0,9.980494888896912,2,3,Nivel 1
1386.0,Autenticación y Registro de Certificados de Estudios de nivel licenciatura y posgrado,0,8.881975184248867,13,1,Nivel 1
1499.0,Solicitud de Visita de Verificación de Medicamentos que Sean o Contengan Estupefacientes Modalidad A. Destrucción.,0,10.673618922112436,3,0,Nivel 1
1527.0,Reinscripción nivel licenciatura UPH,3,3.4339872044851463,1,1,Nivel 2
1529.0,Exámen de Ingreso a nivel licenciatura UPH,6,7.273092595999522,2,1,Sin_nivel
1548.0,Levantamiento Topográficos de Predios (Catastral),0,8.658866349732383,3,1,Nivel 1
1609.0,Prorroga de Trámite Modalidad Autorización de Fraccionamiento,0,3.258096538021482,9,1,Nivel 1
1612.0,Cancelación de Derecho de Tanto,6,3.4339872044851463,2,1,Sin_nivel
1620.0,Proyecto de Lotificación,6,3.4339872044851463,3,1,Sin_nivel
1688.0,Cambio de Nombre en la Tarjeta de Circulación por Conclusión de la Transferencia de los Derechos de la Concesión de Transporte Público,3,7.273092595999522,2,1,Nivel 2
1695.0,Asignación o Cambio de Cromática y Asignación de Clave Mnemotécnica,3,3.4339872044851463,3,1,Nivel 2
1701.0,Transferencia por Designación de Persona Beneficiaria de la Concesión del Servicio Transporte Público,6,7.273092595999522,11,1,Sin_nivel
1745.0,Copias certificadas de pagos de Control Vehicular,6,10.268165387743457,1,1,Sin_nivel
5048.0,Inscripción de actos cuando se presenten en documentos separados. (Registro Público de la Propiedad y del Comercio),6,7.273092595999522,2,1,Sin_nivel
7292.0,Constancia de estudios UTVAM,0,7.9658927350845286,2,0,Nivel 4.3
7465.0,Centro Asistencial La Casita,0,7.273092595999522,0,0,Nivel 1
7492.0,Pago de Créditos Fiscales derivado de multas estatales no fiscales,6,2.772588722239781,1,1,Sin_nivel
7520.0,Orientación en materia fiscal,6,11.772215778919925,1,1,Sin_nivel
7889.0,Reposición por Robo o Extravìo del Tarjetón para Personas Conductoras del Tuzobús,0,7.273092595999522,4,1,Nivel 1
8031.0,Credencial Institucional (ITSOEH),6,8.881975184248867,2,0,Sin_nivel
8264.0,Reposición de Credencial UPH,3,7.273092595999522,1,0,Nivel 2
8857.0,Trámite para titulación UPE,6,8.658866349732383,5,0,Sin_nivel
8907.0,Constancia de terminación de estadía UPP,3,8.371242135931933,11,3,Nivel 2
9961.0,Designación de Persona Beneficiaria de la Concesión del Servicio de Transporte Público,6,7.273092595999522,2,1,Sin_nivel
10479.0,Inscripción a la UICEH,0,4.51085950651685,5,0,Nivel 1
10550.0,Reinscripción a la UICEH,0,4.330733340286331,2,1,Nivel 1
10912.0,Expedición de Tarifario,3,3.4339872044851463,2,1,Nivel 2
10976.0,Por informe de aviso de testamento,6,7.273092595999522,0,1,Sin_nivel
10980.0,Trámite de pista para aterrizaje,0,2.3978952727983707,0,0,Nivel 1
11024.0,Trámite de pernocta,0,2.3978952727983707,4,1,Nivel 1
11074.0,Casa de la mujer indígena,6,7.273092595999522,2,1,Sin_nivel
11216.0,INSCRIPCIÓN O ANOTACIÓN QUE NO MODIFICA EL DERECHO INSCRITO. (REGISTRO PÚBLICO DE LA PROPIEDAD Y DEL COMERCIO),6,7.273092595999522,2,1,Sin_nivel
990.0,"Expedición de Copias Certificadas en Libros (del año 2015 y Años Anteriores), e Impresión de Folios a partir del año 2015 (Registro Público de la Propiedad y del Comercio)",4,8.881975184248867,1,2,Nivel 3.5
1691.0,Visita al museo de documentos históricos,0,4.110873864173311,0,0,Nivel 1
1044.0,Inscripción de fusión de predios. (Registro Público de la Propiedad y del Comercio),4,9.980494888896912,3,1,Nivel 3.5
1047.0,Inscripción de inmatriculación. (Registro Público de la Propiedad y del Comercio),4,9.980494888896912,7,1,Nivel 3.5
1068.0,Inscripción del régimen de propiedad en condominio. (Registro Público de la Propiedad y del Comercio),6,7.273092595999522,4,1,Sin_nivel
1167.0,Atención a Solicitudes de Componentes de la Sangre para la Atención de Pacientes,0,4.51085950651685,3,1,Nivel 1
1547.0,Levantamiento Topográfico de poligonales (Catastral),0,8.371242135931933,4,1,Nivel 1
